country_iso3,country_name,cluster,fimi_variant,predictor,posterior_mean,posterior_sd,q025,q05,q95,q975,sig_95,sig_90,eu_pooled_mean,eu_q025,eu_q975,tau_mean,tau_q025,tau_q975,ml_estimate,ml_se,ml_t,ml_p,shrinkage_pct,in_eu_pi95,eu_pi95_lo,eu_pi95_hi
AUT,Austria,Western,full,GEN,0.10340191865038265,0.07709662645430738,-0.04081800574926268,-0.019439704672437136,0.2353807732707546,0.2657354186821669,FALSE,FALSE,-0.06467160253549818,-0.1672822337398803,0.035850151636035436,0.14674573422780682,0.07676800214642907,0.24213209550463416,0.24937273299791274,0.09451746974752041,2.6383771557157543,0.00854915471689072,0.46480957569126535,FALSE,-0.35229324162199954,0.22295003655100315
AUT,Austria,Western,full,THREAT,0.12793782400958367,0.058469361218813756,0.015874468306538804,0.032880566550980095,0.22656708198955217,0.24580044469580153,TRUE,TRUE,0.09438265037215082,0.02448058654516806,0.1662695895702628,0.09963193776962448,0.0443138277109805,0.16920999718127108,0.17398807869476984,0.0651453218252686,2.670768580458271,0.00777545743224408,0.5784813379629978,TRUE,-0.10089594765631316,0.2896612484006148
AUT,Austria,Western,full,ABAND,-0.1405051014906105,0.06458750454085059,-0.2700771923112696,-0.25023048832534495,-0.039882420295274564,-0.023644440728384276,TRUE,TRUE,-0.05807386442164764,-0.12315757147360723,0.006389091141619777,0.08821745997938614,0.02366658928288546,0.16525826213961398,-0.24195911300069553,0.06946760898250887,-3.4830493886959317,5.322622949872258e-4,0.551724579834757,FALSE,-0.23098008598124448,0.1148323571379492
AUT,Austria,Western,full,FEAR,0.24414089492520707,0.03766361357743889,0.1745808814415793,0.1845951876632998,0.30736455609295205,0.3216772677929816,TRUE,TRUE,0.22121952784106103,0.1776443191066023,0.26765544221602516,0.06242120585243987,0.01992364299481319,0.11883443927774259,0.26759189125247,0.04216029624233042,6.3470116460851225,4.3646762241189275e-10,0.5057106130047556,TRUE,0.09887396437027889,0.34356509131184315
AUT,Austria,Western,full,SUPF,-0.14151975326420116,0.06676365379964862,-0.29239232747755045,-0.2590953089035229,-0.03713360019400652,-0.017655235161812766,TRUE,TRUE,-0.12356529551769466,-0.20320094380044007,-0.042524234128269126,0.08884507927377394,0.0068861244025782775,0.19401071365772954,-0.2367720011572501,0.08927884803370674,-2.6520503609976926,0.0082145121151569,0.8414011109582801,TRUE,-0.29770165089429157,0.050571059858902256
BEL,Belgium,Western,full,GEN,-0.011627181526399473,0.07359798616758804,-0.16275978317084294,-0.1376783946850393,0.10376950699788676,0.12519302078485373,FALSE,FALSE,-0.06467160253549818,-0.1672822337398803,0.035850151636035436,0.14674573422780682,0.07676800214642907,0.24213209550463416,-0.0730020367646626,0.09933727670912514,-0.7348906592076591,0.46269857532752967,7.367545742500784,TRUE,-0.35229324162199954,0.22295003655100315
BEL,Belgium,Western,full,THREAT,0.16823952931576366,0.06040340995790811,0.054251884407606775,0.07238112373410165,0.27029011794649555,0.2917327533541036,TRUE,TRUE,0.09438265037215082,0.02448058654516806,0.1662695895702628,0.09963193776962448,0.0443138277109805,0.16920999718127108,0.20314801379238476,0.06910615252796577,2.9396516281263834,0.0034146536581357457,0.32095221657786477,TRUE,-0.10089594765631316,0.2896612484006148
BEL,Belgium,Western,full,ABAND,-0.08533182821353198,0.05957343336213182,-0.20610214818138028,-0.18616083830287516,0.007672080101631367,0.027125630775046906,FALSE,FALSE,-0.05807386442164764,-0.12315757147360723,0.006389091141619777,0.08821745997938614,0.02366658928288546,0.16525826213961398,-0.14038687217680518,0.07013037486207031,-2.001798399807681,0.04576453802162881,0.6688498630378815,TRUE,-0.23098008598124448,0.1148323571379492
BEL,Belgium,Western,full,FEAR,0.278850154202949,0.04300476590052366,0.20145600512661463,0.2120135033336654,0.3512019322066453,0.36762345126225093,TRUE,TRUE,0.22121952784106103,0.1776443191066023,0.26765544221602516,0.06242120585243987,0.01992364299481319,0.11883443927774259,0.324760675527459,0.04573000204574718,7.1016982505834205,3.5655601797456964e-12,0.4434036356595378,TRUE,0.09887396437027889,0.34356509131184315
BEL,Belgium,Western,full,SUPF,-0.07004724893104415,0.07034630836999702,-0.19517877396675853,-0.17498361642773655,0.05878158821880701,0.08624690508036117,FALSE,FALSE,-0.12356529551769466,-0.20320094380044007,-0.042524234128269126,0.08884507927377394,0.0068861244025782775,0.19401071365772954,0.014152047557477123,0.09848965109447708,0.1436907065890775,0.8857938565267991,0.6113921065305612,TRUE,-0.29770165089429157,0.050571059858902256
BGR,Bulgaria,Central-East,full,GEN,0.004759750890637489,0.07835427687181003,-0.1346889192694982,-0.11723824387765992,0.14332442638627788,0.17703263647857134,FALSE,FALSE,-0.06467160253549818,-0.1672822337398803,0.035850151636035436,0.14674573422780682,0.07676800214642907,0.24213209550463416,0.12827666492594236,0.11833864508166125,1.0839794966168763,0.27881966959697896,0.6401556005678513,TRUE,-0.35229324162199954,0.22295003655100315
BGR,Bulgaria,Central-East,full,THREAT,0.08541315692121361,0.057411778349706795,-0.03152509674470003,-0.00892417620517049,0.17824462975096042,0.19830367520999648,FALSE,FALSE,0.09438265037215082,0.02448058654516806,0.1662695895702628,0.09963193776962448,0.0443138277109805,0.16920999718127108,0.04718359206737652,0.08057970093868412,0.5855518389585505,0.5584021468254327,0.8099645676610898,TRUE,-0.10089594765631316,0.2896612484006148
BGR,Bulgaria,Central-East,full,ABAND,0.0038721776684432882,0.06421807585308378,-0.11192884061655009,-0.09472594961197425,0.11600834928942871,0.1387788752082495,FALSE,FALSE,-0.05807386442164764,-0.12315757147360723,0.006389091141619777,0.08821745997938614,0.02366658928288546,0.16525826213961398,0.07347706007007103,0.08788858256581789,0.8360250890955674,0.40348154609592957,0.5291097928088637,TRUE,-0.23098008598124448,0.1148323571379492
BGR,Bulgaria,Central-East,full,FEAR,0.2623562534159489,0.03581348934934694,0.19665250278349528,0.20558033263901154,0.3232142677319509,0.33622774311861203,TRUE,TRUE,0.22121952784106103,0.1776443191066023,0.26765544221602516,0.06242120585243987,0.01992364299481319,0.11883443927774259,0.27804290868042814,0.045024593979064324,6.175356268836392,1.2344592596547606e-9,0.2760598724110328,TRUE,0.09887396437027889,0.34356509131184315
BGR,Bulgaria,Central-East,full,SUPF,-0.17289869248408943,0.07365602577830983,-0.33630914996903316,-0.3066188488245829,-0.06847399470707796,-0.047884659154531134,TRUE,TRUE,-0.12356529551769466,-0.20320094380044007,-0.042524234128269126,0.08884507927377394,0.0068861244025782775,0.19401071365772954,-0.3256439711343631,0.11720936602920232,-2.7783101484674018,0.005639353763177176,0.7558703469534936,FALSE,-0.29770165089429157,0.050571059858902256
DEU,Germany,Western,full,GEN,-0.09933635380885042,0.07494416115563417,-0.2570376960840184,-0.23282583645414856,0.018488709890281573,0.038801889490276985,FALSE,FALSE,-0.06467160253549818,-0.1672822337398803,0.035850151636035436,0.14674573422780682,0.07676800214642907,0.24213209550463416,-0.198630304503315,0.10334094084245427,-1.9220872471650094,0.055074405394467084,0.7412280742935211,TRUE,-0.35229324162199954,0.22295003655100315
DEU,Germany,Western,full,THREAT,0.18878103069366003,0.058940407486782066,0.07668091528421864,0.09347273855126415,0.2856849629445082,0.30511006530246826,TRUE,TRUE,0.09438265037215082,0.02448058654516806,0.1662695895702628,0.09963193776962448,0.0443138277109805,0.16920999718127108,0.25945472413593296,0.07023908378166621,3.693879677337929,2.413114349624714e-4,0.4281383993721849,TRUE,-0.10089594765631316,0.2896612484006148
DEU,Germany,Western,full,ABAND,-0.12502072728974778,0.062084741678534124,-0.2529709403722232,-0.23091273931493614,-0.02831228002877589,-0.014258166356593951,TRUE,TRUE,-0.05807386442164764,-0.12315757147360723,0.006389091141619777,0.08821745997938614,0.02366658928288546,0.16525826213961398,-0.20999835308598366,0.0751262349270238,-2.795273226323295,0.00535376037430913,0.5593411999824898,TRUE,-0.23098008598124448,0.1148323571379492
DEU,Germany,Western,full,FEAR,0.22068002511442183,0.036878603186455854,0.14952720845010223,0.16186562237401558,0.28253749130298805,0.29367643788926306,TRUE,TRUE,0.22121952784106103,0.1776443191066023,0.26765544221602516,0.06242120585243987,0.01992364299481319,0.11883443927774259,0.23023442492429555,0.047043526414081084,4.8940724149323485,1.275160081585523e-6,1.0598456889366525,TRUE,0.09887396437027889,0.34356509131184315
DEU,Germany,Western,full,SUPF,-0.08495759620329242,0.06751214252468891,-0.20533060199868827,-0.18668658422017134,0.03431068956759427,0.06344429516120476,FALSE,FALSE,-0.12356529551769466,-0.20320094380044007,-0.042524234128269126,0.08884507927377394,0.0068861244025782775,0.19401071365772954,0.026215594864289357,0.10171468624201861,0.2577365750498636,0.7966997829856248,0.7422388182101095,TRUE,-0.29770165089429157,0.050571059858902256
EST,Estonia,Baltic,full,GEN,-0.1511207181676905,0.08609214720140011,-0.30809450574747094,-0.28188095476591074,0.0011230674804238224,0.028105960760398403,FALSE,FALSE,-0.06467160253549818,-0.1672822337398803,0.035850151636035436,0.14674573422780682,0.07676800214642907,0.24213209550463416,-0.008163577122405983,0.1295824339031269,-0.06299910316940721,0.9497882698456002,2.529855538221711,TRUE,-0.35229324162199954,0.22295003655100315
EST,Estonia,Baltic,full,THREAT,0.05298387500472701,0.0526718670783555,-0.04923685256025342,-0.03305887535676209,0.142372712130083,0.15875446600505427,FALSE,FALSE,0.09438265037215082,0.02448058654516806,0.1662695895702628,0.09963193776962448,0.0443138277109805,0.16920999718127108,0.0685806189634783,0.06601767819081225,1.0388220374133474,0.29930735175572676,-0.6044773650461077,TRUE,-0.10089594765631316,0.2896612484006148
EST,Estonia,Baltic,full,ABAND,-0.08436960567511859,0.0543590600827661,-0.19698663348103296,-0.1770518287808592,0.002478405486920713,0.0197074362377933,FALSE,FALSE,-0.05807386442164764,-0.12315757147360723,0.006389091141619777,0.08821745997938614,0.02366658928288546,0.16525826213961398,-0.09266502010909944,0.06933465266616508,-1.3364892812727602,0.18189767983454705,0.23981316232779337,TRUE,-0.23098008598124448,0.1148323571379492
EST,Estonia,Baltic,full,FEAR,0.15366841957491376,0.03925753531532059,0.07446077346953577,0.08719641133393362,0.21546093433228186,0.22411459600426187,TRUE,TRUE,0.22121952784106103,0.1776443191066023,0.26765544221602516,0.06242120585243987,0.01992364299481319,0.11883443927774259,0.11669613613571139,0.04304650477737433,2.7109317408982307,0.006902141681952864,0.35372257669772955,TRUE,0.09887396437027889,0.34356509131184315
EST,Estonia,Baltic,full,SUPF,-0.1974930426836183,0.0906803403834011,-0.39926604772210433,-0.3629618953686533,-0.06981211288694988,-0.05193122233086313,TRUE,TRUE,-0.12356529551769466,-0.20320094380044007,-0.042524234128269126,0.08884507927377394,0.0068861244025782775,0.19401071365772954,-0.3976006073347876,0.14037905100966447,-2.8323357685856885,0.004776586503396305,0.7302254710324803,FALSE,-0.29770165089429157,0.050571059858902256
FRA,France,Western,full,GEN,-0.027817346156527704,0.07407088616850895,-0.16290367920184928,-0.14292192932546866,0.10468121497124805,0.1271055724031121,FALSE,FALSE,-0.06467160253549818,-0.1672822337398803,0.035850151636035436,0.14674573422780682,0.07676800214642907,0.24213209550463416,0.033551031388083824,0.10557600677622274,0.3177903049430357,0.7507564458162965,0.6247885552769499,TRUE,-0.35229324162199954,0.22295003655100315
FRA,France,Western,full,THREAT,0.06795813257749181,0.05410402542505402,-0.04519136199950311,-0.02452082369504936,0.15287140020479922,0.17116845411847487,FALSE,FALSE,0.09438265037215082,0.02448058654516806,0.1662695895702628,0.09963193776962448,0.0443138277109805,0.16920999718127108,0.012843446968442099,0.07332237687967318,0.17516408380376208,0.8610108003341175,0.6759286736733423,TRUE,-0.10089594765631316,0.2896612484006148
FRA,France,Western,full,ABAND,-0.01564050228726871,0.05843656483249259,-0.12095615077102798,-0.10587860911783027,0.08531834490571888,0.10577449301783054,FALSE,FALSE,-0.05807386442164764,-0.12315757147360723,0.006389091141619777,0.08821745997938614,0.02366658928288546,0.16525826213961398,0.027153751543052475,0.07953871077353043,0.34139039065351473,0.7329312561235457,0.5021172227561295,TRUE,-0.23098008598124448,0.1148323571379492
FRA,France,Western,full,FEAR,0.2722794745717188,0.04076719684424911,0.20010875577682907,0.20902129130661762,0.3423654495783305,0.35757181582336145,TRUE,TRUE,0.22121952784106103,0.1776443191066023,0.26765544221602516,0.06242120585243987,0.01992364299481319,0.11883443927774259,0.32143871717592426,0.05222740614677358,6.1545985315179506,1.390680527612331e-9,0.49051726451258004,TRUE,0.09887396437027889,0.34356509131184315
FRA,France,Western,full,SUPF,-0.16747889062105034,0.06627615963472439,-0.31309529569919164,-0.28638974891535646,-0.06904737118551203,-0.05320200179913629,TRUE,TRUE,-0.12356529551769466,-0.20320094380044007,-0.042524234128269126,0.08884507927377394,0.0068861244025782775,0.19401071365772954,-0.2346989696631657,0.10240129265631999,-2.291953192923689,0.022259643074506,0.6048578845159573,TRUE,-0.29770165089429157,0.050571059858902256
HUN,Hungary,Central-East,full,GEN,-0.16222829373835795,0.07647052267223323,-0.3085260339205602,-0.2871245748397153,-0.03519202079712144,-0.006857793790706327,TRUE,TRUE,-0.06467160253549818,-0.1672822337398803,0.035850151636035436,0.14674573422780682,0.07676800214642907,0.24213209550463416,-0.17770873636454806,0.10968920088867538,-1.6201115052785038,0.10573995033050189,0.136950063238526,TRUE,-0.35229324162199954,0.22295003655100315
HUN,Hungary,Central-East,full,THREAT,-0.01799310196562152,0.050932522446158396,-0.12053078767273781,-0.1033120981447343,0.06572101427270373,0.0803539867503384,FALSE,FALSE,0.09438265037215082,0.02448058654516806,0.1662695895702628,0.09963193776962448,0.0443138277109805,0.16920999718127108,-0.07171474548126157,0.058619560409276884,-1.2233927545780827,0.22166729979735134,0.3234345923343165,TRUE,-0.10089594765631316,0.2896612484006148
HUN,Hungary,Central-East,full,ABAND,0.04794779411247588,0.058408115634562566,-0.06332442771360133,-0.04792481721439886,0.14633351356586444,0.16655405559533523,FALSE,FALSE,-0.05807386442164764,-0.12315757147360723,0.006389091141619777,0.08821745997938614,0.02366658928288546,0.16525826213961398,0.14043683694673895,0.06503105076418557,2.159535103561351,0.031208865892247768,0.46591464438295627,FALSE,-0.23098008598124448,0.1148323571379492
HUN,Hungary,Central-East,full,FEAR,0.19550092929718332,0.036928356491624126,0.11956622543001293,0.13224420225850403,0.25537550115080576,0.26625510047169876,TRUE,TRUE,0.22121952784106103,0.1776443191066023,0.26765544221602516,0.06242120585243987,0.01992364299481319,0.11883443927774259,0.16709242689398057,0.04858126844722749,3.439441419185844,6.238427039177184e-4,0.5248480318755196,TRUE,0.09887396437027889,0.34356509131184315
HUN,Hungary,Central-East,full,SUPF,-0.14736157058451813,0.0671450914134019,-0.2840590327354807,-0.2597400458029112,-0.04210398814730056,-0.01490964507013273,TRUE,TRUE,-0.12356529551769466,-0.20320094380044007,-0.042524234128269126,0.08884507927377394,0.0068861244025782775,0.19401071365772954,-0.13077920888144823,0.10453189345081738,-1.2510938486250638,0.2113935949734947,-2.2986638273739537,TRUE,-0.29770165089429157,0.050571059858902256
ITA,Italy,Southern,full,GEN,-0.07308663636229636,0.07079247684176024,-0.2199174058869836,-0.19116810761591302,0.0439209258221238,0.06156157747858785,FALSE,FALSE,-0.06467160253549818,-0.1672822337398803,0.035850151636035436,0.14674573422780682,0.07676800214642907,0.24213209550463416,-0.10403823550114127,0.10865503024906532,-0.957509608737477,0.3386957483536226,0.7862394319030961,TRUE,-0.35229324162199954,0.22295003655100315
ITA,Italy,Southern,full,THREAT,0.03211197296451587,0.050670094662079675,-0.0715607208916752,-0.05268822932528752,0.10971012168801021,0.12347050619138575,FALSE,FALSE,0.09438265037215082,0.02448058654516806,0.1662695895702628,0.09963193776962448,0.0443138277109805,0.16920999718127108,-0.024876448543927683,0.05974547303039496,-0.4163737816800282,0.6772854107839081,0.47785386629950777,TRUE,-0.10089594765631316,0.2896612484006148
ITA,Italy,Southern,full,ABAND,-0.02735902532078767,0.05272618234514096,-0.12855200663923905,-0.11309883983901672,0.061108934862749355,0.07638783804331062,FALSE,FALSE,-0.05807386442164764,-0.12315757147360723,0.006389091141619777,0.08821745997938614,0.02366658928288546,0.16525826213961398,-0.005958048870091361,0.06388343250321923,-0.09326438227612645,0.9257246608933292,0.41064264703917186,TRUE,-0.23098008598124448,0.1148323571379492
ITA,Italy,Southern,full,FEAR,0.24228567197566866,0.037500119636252736,0.1738693999702672,0.18395084439063883,0.30652395759366063,0.3209610041315656,TRUE,TRUE,0.22121952784106103,0.1776443191066023,0.26765544221602516,0.06242120585243987,0.01992364299481319,0.11883443927774259,0.2814129049765131,0.04910886881992124,5.730388659702881,1.5870125754551315e-8,0.650025548704422,TRUE,0.09887396437027889,0.34356509131184315
ITA,Italy,Southern,full,SUPF,-0.1368286395677807,0.06308937936541757,-0.26279092443715646,-0.24151273548746663,-0.033683717602652076,-0.009819520394128744,TRUE,TRUE,-0.12356529551769466,-0.20320094380044007,-0.042524234128269126,0.08884507927377394,0.0068861244025782775,0.19401071365772954,-0.09813191264962105,0.10607835867035885,-0.9250889048403211,0.3552915736297765,1.5214935079177165,TRUE,-0.29770165089429157,0.050571059858902256
LTU,Lithuania,Baltic,full,GEN,-0.2667811212411906,0.08608407568733181,-0.4464532549280385,-0.4161336825808512,-0.1311496204278642,-0.09952598080924534,TRUE,TRUE,-0.06467160253549818,-0.1672822337398803,0.035850151636035436,0.14674573422780682,0.07676800214642907,0.24213209550463416,-0.4128403595397505,0.12022201895400592,-3.4339829187005537,6.367221891689601e-4,0.4195070216963094,FALSE,-0.35229324162199954,0.22295003655100315
LTU,Lithuania,Baltic,full,THREAT,0.10167085974690593,0.05613313049457152,-0.0019707485057948344,0.012562337627804024,0.19419582777007585,0.2149127701170892,FALSE,TRUE,0.09438265037215082,0.02448058654516806,0.1662695895702628,0.09963193776962448,0.0443138277109805,0.16920999718127108,0.16416536183699007,0.06501116112757331,2.5251873522893025,0.011825866538582908,0.8955585241420814,TRUE,-0.10089594765631316,0.2896612484006148
LTU,Lithuania,Baltic,full,ABAND,-0.1164336344657917,0.05828003577250682,-0.23933757921720328,-0.21713222182275357,-0.028360491321044855,-0.01206208621621418,TRUE,TRUE,-0.05807386442164764,-0.12315757147360723,0.006389091141619777,0.08821745997938614,0.02366658928288546,0.16525826213961398,-0.1621131036823493,0.06850453177369549,-2.366458093865811,0.0182828940573811,0.43906000794655875,TRUE,-0.23098008598124448,0.1148323571379492
LTU,Lithuania,Baltic,full,FEAR,0.18739294718018737,0.036193233275038365,0.11496042295113372,0.1262524062619522,0.24591637325302204,0.25712248467471077,TRUE,TRUE,0.22121952784106103,0.1776443191066023,0.26765544221602516,0.06242120585243987,0.01992364299481319,0.11883443927774259,0.1703896780595413,0.046848108775955695,3.6370663087896524,3.000175370790702e-4,0.33451346391403203,TRUE,0.09887396437027889,0.34356509131184315
LTU,Lithuania,Baltic,full,SUPF,-0.08732257330662946,0.07891692634559787,-0.22613080152093432,-0.2042441051083306,0.05522025461630429,0.08419856939789704,FALSE,FALSE,-0.12356529551769466,-0.20320094380044007,-0.042524234128269126,0.08884507927377394,0.0068861244025782775,0.19401071365772954,0.07308986615693464,0.1238008451673682,0.590382610539721,0.5551613780994038,0.8157041905107497,FALSE,-0.29770165089429157,0.050571059858902256
LVA,Latvia,Baltic,full,GEN,-0.19859849852535041,0.07677804299060698,-0.3488413346397705,-0.32102891611173345,-0.06951702954300414,-0.04364301638117594,TRUE,TRUE,-0.06467160253549818,-0.1672822337398803,0.035850151636035436,0.14674573422780682,0.07676800214642907,0.24213209550463416,-0.20494836820328238,0.10570296440243356,-1.9389084247722757,0.05298897122580555,0.04526672430536549,TRUE,-0.35229324162199954,0.22295003655100315
LVA,Latvia,Baltic,full,THREAT,0.04312191077462616,0.05297840578346428,-0.06179545322496541,-0.04602910673634286,0.13054783677407547,0.14825748704125985,FALSE,FALSE,0.09438265037215082,0.02448058654516806,0.1662695895702628,0.09963193776962448,0.0443138277109805,0.16920999718127108,0.062069503406945385,0.0625016571520669,0.9930857234061797,0.3210752834088776,-0.5863741050267204,TRUE,-0.10089594765631316,0.2896612484006148
LVA,Latvia,Baltic,full,ABAND,-0.08279491660300263,0.053290953734229506,-0.19410574865604827,-0.1760173121643071,0.0017143555910682604,0.015869947493842705,FALSE,FALSE,-0.05807386442164764,-0.12315757147360723,0.006389091141619777,0.08821745997938614,0.02366658928288546,0.16525826213961398,-0.09900908040281008,0.06270266670421552,-1.5790250336538503,0.11486626964032566,0.3960932759526389,TRUE,-0.23098008598124448,0.1148323571379492
LVA,Latvia,Baltic,full,FEAR,0.18575216042742013,0.03664656456115516,0.11235274573099349,0.12450940326105045,0.24321096078000268,0.2559814645943789,TRUE,TRUE,0.22121952784106103,0.1776443191066023,0.26765544221602516,0.06242120585243987,0.01992364299481319,0.11883443927774259,0.16475244401695702,0.041082764505073484,4.010257001974905,6.844089051012438e-5,0.3718930567740598,TRUE,0.09887396437027889,0.34356509131184315
LVA,Latvia,Baltic,full,SUPF,-0.1370779108683657,0.07179913165005854,-0.28637715290946686,-0.25896437729562016,-0.02364257073877229,0.004216242390325361,FALSE,TRUE,-0.12356529551769466,-0.20320094380044007,-0.042524234128269126,0.08884507927377394,0.0068861244025782775,0.19401071365772954,-0.1300801731570823,0.10953164873238633,-1.1876035343437699,0.23546753265192252,-1.0741165220013444,TRUE,-0.29770165089429157,0.050571059858902256
POL,Poland,Central-East,full,GEN,0.018655373738229,0.07479841441265493,-0.11763803904553129,-0.09469547573550319,0.1487970021610077,0.17994000936538343,FALSE,FALSE,-0.06467160253549818,-0.1672822337398803,0.035850151636035436,0.14674573422780682,0.07676800214642907,0.24213209550463416,0.13877801484561458,0.09843150880108184,1.4098942151345881,0.1590942954123166,0.5904294274604872,TRUE,-0.35229324162199954,0.22295003655100315
POL,Poland,Central-East,full,THREAT,0.007748304913304898,0.058501797807577756,-0.11537924710071697,-0.09078762742383598,0.10061287468026436,0.1131061339001489,FALSE,FALSE,0.09438265037215082,0.02448058654516806,0.1662695895702628,0.09963193776962448,0.0443138277109805,0.16920999718127108,-0.071414454402363,0.07471273451275223,-0.9558538429639961,0.33953492393661966,0.47746768210054247,TRUE,-0.10089594765631316,0.2896612484006148
POL,Poland,Central-East,full,ABAND,-0.026757901947870144,0.05664031452769596,-0.1315634383234404,-0.11586869083148493,0.07072401820785554,0.09038115243780623,FALSE,FALSE,-0.05807386442164764,-0.12315757147360723,0.006389091141619777,0.08821745997938614,0.02366658928288546,0.16525826213961398,0.01663481861457081,0.07420084409279493,0.22418637979060524,0.8226893698259022,0.5808256657583477,TRUE,-0.23098008598124448,0.1148323571379492
POL,Poland,Central-East,full,FEAR,0.25434545178579426,0.03779201911222071,0.18535827262182078,0.19567114401394947,0.3188275176889391,0.3323845282752632,TRUE,TRUE,0.22121952784106103,0.1776443191066023,0.26765544221602516,0.06242120585243987,0.01992364299481319,0.11883443927774259,0.2905300951594118,0.04644697131579191,6.255092354334672,7.601567640571476e-10,0.522065318083715,TRUE,0.09887396437027889,0.34356509131184315
POL,Poland,Central-East,full,SUPF,-0.16739963426595725,0.06804420393504744,-0.3171183225745592,-0.28926704182046586,-0.06538628906540349,-0.04588498660401971,TRUE,TRUE,-0.12356529551769466,-0.20320094380044007,-0.042524234128269126,0.08884507927377394,0.0068861244025782775,0.19401071365772954,-0.26995810734137365,0.09538034302757141,-2.8303327370434954,0.004807252316549013,0.7005704159774025,TRUE,-0.29770165089429157,0.050571059858902256
SRB,Serbia,Southern,full,GEN,-0.12800504112592298,0.09089988963978399,-0.31823050410982606,-0.2896600957006379,0.0057898458804676095,0.02922765596252554,FALSE,FALSE,-0.06467160253549818,-0.1672822337398803,0.035850151636035436,0.14674573422780682,0.07676800214642907,0.24213209550463416,-0.31467691996541974,0.10802613187111973,-2.912970357402449,0.003713314084248108,0.7466716338616372,TRUE,-0.35229324162199954,0.22295003655100315
SRB,Serbia,Southern,full,THREAT,0.08605264356567797,0.05252260216334109,-0.017161809440546984,-7.894591770695665e-4,0.17096828981102782,0.18542236328790992,FALSE,FALSE,0.09438265037215082,0.02448058654516806,0.1662695895702628,0.09963193776962448,0.0443138277109805,0.16920999718127108,0.053884767873669095,0.06775558343284689,0.7952815863075657,0.4267642104503341,0.794310065303164,TRUE,-0.10089594765631316,0.2896612484006148
SRB,Serbia,Southern,full,ABAND,0.006087699427998294,0.055290351341586295,-0.09813349181076984,-0.08145892620261337,0.09944848786055799,0.11800334808956021,FALSE,FALSE,-0.05807386442164764,-0.12315757147360723,0.006389091141619777,0.08821745997938614,0.02366658928288546,0.16525826213961398,0.07509002486409411,0.06765310867407709,1.1099271908678257,0.2674750355917331,0.5181759545039368,TRUE,-0.23098008598124448,0.1148323571379492
SRB,Serbia,Southern,full,FEAR,0.17249529636713895,0.03508126608260979,0.10216981144046873,0.11440093588707882,0.22854181031280368,0.23809907763137647,TRUE,TRUE,0.22121952784106103,0.1776443191066023,0.26765544221602516,0.06242120585243987,0.01992364299481319,0.11883443927774259,0.13559444140994245,0.03924345869118954,3.45521128698028,5.886808094263283e-4,0.4309584549953305,TRUE,0.09887396437027889,0.34356509131184315
SRB,Serbia,Southern,full,SUPF,-0.0115094166058041,0.08926663048723217,-0.1570348075014779,-0.1399303885677841,0.15153388348448882,0.17851955870626662,FALSE,FALSE,-0.12356529551769466,-0.20320094380044007,-0.042524234128269126,0.08884507927377394,0.0068861244025782775,0.19401071365772954,0.19804456823926747,0.10419179542764079,1.90076932090882,0.0578111800097537,0.6515782271013608,FALSE,-0.29770165089429157,0.050571059858902256
TUR,Turkey,Southern,full,GEN,0.13434369639948668,0.07846672822535886,-0.019967592238692943,0.003639073007273298,0.261833166471379,0.28469753421146615,FALSE,TRUE,-0.06467160253549818,-0.1672822337398803,0.035850151636035436,0.14674573422780682,0.07676800214642907,0.24213209550463416,0.17372744252449446,0.11080113108396283,1.567921201028601,0.11743295262831915,0.16520093910232292,TRUE,-0.35229324162199954,0.22295003655100315
TUR,Turkey,Southern,full,THREAT,0.2796153051227551,0.07431393541329652,0.1382077850918193,0.16003187502021549,0.4045968009905734,0.42902817944447036,TRUE,TRUE,0.09438265037215082,0.02448058654516806,0.1662695895702628,0.09963193776962448,0.0443138277109805,0.16920999718127108,0.40719559315667236,0.09319484516348402,4.369293091719427,1.4715433241034353e-5,0.40784849532840406,FALSE,-0.10089594765631316,0.2896612484006148
TUR,Turkey,Southern,full,ABAND,-0.11187310699207755,0.06325220052752104,-0.23813209264331106,-0.21702598294819864,-0.012834688805861538,0.008016074100638582,FALSE,TRUE,-0.05807386442164764,-0.12315757147360723,0.006389091141619777,0.08821745997938614,0.02366658928288546,0.16525826213961398,-0.16997670875952772,0.08314316444141999,-2.044385848211104,0.041356541098744266,0.5192325727844043,TRUE,-0.23098008598124448,0.1148323571379492
TUR,Turkey,Southern,full,FEAR,0.2046994994305402,0.042934034856633066,0.11262692025541395,0.13132914850051872,0.27190778301115726,0.2825890697569626,TRUE,TRUE,0.22121952784106103,0.1776443191066023,0.26765544221602516,0.06242120585243987,0.01992364299481319,0.11883443927774259,0.1358999859014962,0.058390710168238213,2.3274247822972938,0.02027832981387207,0.8063746237383387,TRUE,0.09887396437027889,0.34356509131184315
TUR,Turkey,Southern,full,SUPF,-0.08790626249527038,0.06893389312443295,-0.2192642896620885,-0.1957028866314034,0.027193252543523158,0.05145301186915627,FALSE,FALSE,-0.12356529551769466,-0.20320094380044007,-0.042524234128269126,0.08884507927377394,0.0068861244025782775,0.19401071365772954,-0.10235015804928513,0.1024369710294948,-0.999152522967663,0.318128338193853,-0.6808296941522287,TRUE,-0.29770165089429157,0.050571059858902256
